Nama (dengan gelar);Tempat lahir;Tanggal lahir;Jenis kelamin;Pendidikan terakhir;Bidang keahlian;Profesi/pekerjaan;Email;Alamat Rumah;Kota Rumah;Provinsi Rumah;Kode Pos Rumah;Telepon Rumah;Fax Rumah;HP Rumah;Alamat Kantor;Kota Kantor;Provinsi Kantor;Kode Pos Kantor;Telepon Kantor;Fax Kantor;HP Kantor
David Martinez;Potterstad;20/10/1983;Laki-laki;Doktor;Art therapist;Charity fundraiser;chase07@example.org;8754 Danielle Walk Suite 548;Diazfort;Oregon;98843;(945)712-8044x89796;5763659902;993.423.1775x296;5535 Brittany Mission;Josephshire;Texas;43326;+1-531-710-1203x63732;001-223-893-5987x25632;+1-804-841-3330x5339
Jason Frye;Lake Coryfurt;10/12/1976;Laki-laki;SMA;Nurse, children's;Environmental consultant;ellisstephanie@example.org;5306 Hall Points Apt. 172;West Rachelberg;Delaware;93010;+1-312-750-9808x04926;336.879.3023x921;-11251;76149 Mark Wells Suite 631;Port Kenneth;Kentucky;30391;(409)702-2070x1661;595-439-5594;+1-218-989-6409x454
Troy Smith;Davidside;13/12/1976;Perempuan;SMA;Scientist, research (physical sciences);Cytogeneticist;moorekathleen@example.com;339 Lee Plains Suite 679;Port Crystalmouth;Louisiana;27946;227.768.8354x02149;3918767091;001-389-854-0196x966;964 Danny Mountains;East Bridgetstad;Minnesota;56217;3648047139;001-786-211-2345x7183;346-781-9439x491
John Lowery;East Tylertown;23/02/1983;Perempuan;Sarjana;Psychologist, occupational;Medical laboratory scientific officer;benjaminhurley@example.com;1524 Clark Radial Apt. 741;New Timothy;Missouri;55552;001-536-683-4594x8997;387-880-9787x557;9.699.250.008;9110 Blair Corners;West Janet;Connecticut;58321;7806419068;(291)819-9262x6638;-10917
Javier Fry;Joshuaberg;12/04/1980;Laki-laki;SMA;Insurance risk surveyor;Engineer, drilling;vaughanamanda@example.net;979 Jennifer Centers Apt. 676;New Donna;Montana;31583;925-695-8805;+1-989-696-7066x8455;001-325-480-1179x04561;773 Juan Lakes;Lake Christystad;Iowa;41910;2884270936;4.264.801.231;(876)950-9671x74411
Mike Clarke;North Elizabethland;31/03/1992;Laki-laki;SMA;Commissioning editor;Therapist, drama;ralph35@example.com;568 Jade Lodge;Jonesville;Maine;57985;292.462.8395x35502;001-769-994-0519x148;001-534-604-8016x404;5580 Greg Radial Apt. 090;West Susan;Wyoming;39068;495-270-7868x27778;987.974.2072x1556;5.168.249.355
Brittany Baker;Samanthachester;23/03/1996;Laki-laki;Sarjana;Editorial assistant;Television camera operator;jenniferduran@example.net;0360 Whitney Valley Apt. 052;Alecshire;Alabama;70294;5.466.038.071;001-905-678-4874x4495;912-223-6708x962;50135 Campbell Green;Anthonybury;Arizona;23623;872.503.2722x84431;+1-892-421-5673x991;6.684.500.927
Caitlin Carlson;New Oliviaburgh;13/09/1995;Perempuan;SMA;Insurance account manager;Administrator, local government;vasquezdebra@example.org;47079 Wilson Burg;New Carolyn;New Jersey;89656;-6929;876.588.7809x2206;(995)817-3382;630 Ryan Cliffs Apt. 377;Andersonside;Massachusetts;29359;(614)682-0901x3730;001-838-289-7028x3325;947-427-1008x8869
Justin Bryant;Pagefurt;15/04/1971;Perempuan;Doktor;Chief of Staff;Equality and diversity officer;pmathews@example.net;62939 Beck Court;New Janetshire;Utah;77972;482.907.0027x061;5356243496;001-429-382-5308x7908;5804 House Burgs Suite 833;New Gregorystad;Washington;84482;(813)680-5063x4586;271-278-7256;+1-446-888-5830x21270
Thomas Rhodes;Francisview;19/12/2000;Perempuan;Diploma;Exercise physiologist;Photographer;victoriabuchanan@example.org;994 Peterson Track;Moralesville;Iowa;69245;778-569-5867x57126;(271)916-4272;3288165975;273 Stewart Center;Lorimouth;Michigan;25924;685.289.1573x318;9.162.904.510;527-818-4399
Robert Thomas;Heatherchester;01/11/1992;Laki-laki;Doktor;Research scientist (life sciences);Fish farm manager;gonzalezangel@example.org;1190 Donald Canyon Suite 153;Tranchester;Wyoming;41017;001-207-987-5333x250;229-838-4302;457.914.8316x1262;32775 Ferguson Ramp;Anthonyshire;Illinois;99922;4688235933;-2597;(605)244-2983
Natalie Lamb;Judytown;05/10/1982;Laki-laki;SMA;Engineer, chemical;Editorial assistant;malloryblevins@example.org;86384 Erica Vista;Mccallchester;Wisconsin;64763;+1-751-227-7655x5135;9.179.033.289;(283)728-8817x7120;0021 Joyce Oval Suite 458;Brooksfurt;Ohio;5362;442-774-0734x65017;817.437.6063x7604;(669)503-3667
Brandon Carter;South Sarahstad;27/12/1971;Laki-laki;Diploma;Tree surgeon;Community development worker;morgan63@example.com;1713 Stephanie Roads Suite 356;Emmaview;Wisconsin;35495;(514)324-6100x6124;(576)544-9519;001-822-351-1358x8650;1616 Nichols Centers Suite 494;Robertstad;Michigan;68912;001-869-616-3205x304;(996)263-9013x187;-3554
Mark Nguyen;Port Ronald;29/03/1976;Perempuan;Magister;Scientist, research (medical);Surveyor, quantity;sherry08@example.com;93653 Dunn Center;Port Jesse;Florida;78992;+1-972-430-7846x0061;001-545-871-8465x94130;001-955-811-0732x689;827 Michelle Mews;Garnerstad;Rhode Island;59317;978-569-4887x86530;5898051811;+1-760-633-1108x7742
Brandi Diaz;Shelleyborough;18/06/1994;Laki-laki;Diploma;Counselling psychologist;Horticulturist, amenity;feliciabennett@example.com;77182 Riley Streets Apt. 874;West Molly;Virginia;18882;522.930.2668x6133;+1-609-547-1723x60264;001-734-552-3144;263 Morgan Skyway Apt. 240;Port Michaelburgh;Nevada;81196;7.468.254.265;938.937.6169x851;525-425-2107
Jesse Obrien;New Edwinton;29/10/1966;Perempuan;Sarjana;Nurse, mental health;Engineer, manufacturing;stephenswilliam@example.net;579 Anthony Underpass Suite 139;Williamsburgh;Vermont;33158;847.998.3144x91716;(952)394-3235x642;001-569-871-9330x3456;87428 Brown Oval;Teresaland;Louisiana;58430;951-602-1239x8633;7266480623;995-774-2168x6547
Whitney Murphy;Howardfurt;27/07/1983;Laki-laki;Magister;Communications engineer;Ecologist;rebeccaphillips@example.net;7314 Suzanne Knolls Apt. 737;Lake Christopher;Illinois;44347;382-977-2017x312;(769)563-6745x22766;(690)369-5504;7226 Turner Plains;Patriciafurt;Alaska;23482;761-655-2816x396;577-937-7634;(335)361-5584x92845
William Dalton;Robertshire;17/06/2000;Perempuan;SMA;Pathologist;Retail merchandiser;jessicadaniel@example.org;5495 Regina Groves Apt. 884;North Meghan;Idaho;75940;001-456-963-8032x7425;339.581.9385x952;-2296;55709 Joseph Keys;West Jasonburgh;Florida;5284;8.825.786.167;(342)870-0097x1842;4012172371
Amanda Rodriguez;West Monique;16/05/1970;Perempuan;Sarjana;Diagnostic radiographer;Optician, dispensing;turnerjulia@example.net;7343 Ruiz Harbor Apt. 715;North Jasonside;Idaho;49519;-3738;436.919.1497x881;397.430.1307x9087;835 Jacob Estate;South Leslieside;Kentucky;91207;830-272-8968x030;(444)390-1791;001-200-352-7416
Rachel Gonzales;Robertoview;07/08/1991;Laki-laki;Magister;IT sales professional;Engineer, aeronautical;eatonshawn@example.net;68329 Laura Branch;Paulchester;Florida;2598;431-869-1574x76774;721-518-1553x7088;3.679.152.117;443 Stephanie Squares;East Johnchester;South Carolina;35138;(925)606-7327;5135560655;(659)298-6129
Rachel Gray;Lake Nicolefort;04/10/2002;Perempuan;Sarjana;Petroleum engineer;Presenter, broadcasting;sarah94@example.org;30283 Kimberly Trail;South Michaelville;Iowa;17867;639-865-1415x24361;523-350-0855x19156;+1-914-954-7853x8837;06681 Justin Canyon;West Natashaborough;Wyoming;97083;620-554-5506x14639;2027216656;+1-592-657-9121x09703
Joseph Harris;Velezmouth;06/08/2003;Perempuan;SMA;Herpetologist;Holiday representative;jamierodriguez@example.org;728 Bishop Village;Rachelstad;Montana;74191;001-677-221-9659x2301;336.474.1168x65443;664-528-8465x9726;02526 Price Mount Apt. 966;Williamschester;West Virginia;33859;(673)635-0105;-3128;370-542-5043x854
Joseph Ortiz;Sarahmouth;03/12/2000;Laki-laki;Doktor;Mental health nurse;Journalist, newspaper;agutierrez@example.com;92977 Michael Motorway;Webbborough;Alabama;2712;2.095.446.793;(296)899-9402;(232)310-5702x026;5811 Wilkinson Club;South Patrick;Kansas;29133;568-811-4857;8612100969;+1-230-933-1690x853
Mitchell Anderson;South Jennifer;13/01/1992;Perempuan;SMA;Pensions consultant;Curator;ariley@example.net;4267 Daniel Harbors;Port Rebecca;Nebraska;33781;+1-221-851-5420x758;5162820013;987-229-9279x9673;92174 Deborah Land;Port Maria;Pennsylvania;85326;239.272.4633x18126;3405486211;719-728-5078
Derek Paul;North Lisa;21/02/1991;Laki-laki;Sarjana;Field seismologist;Fashion designer;pauljordan@example.net;16859 Velazquez Rue Suite 631;North Derricktown;Montana;12967;902-328-7816;9.949.428.946;285-244-4254;4508 Hayley Mill;Millerhaven;Wisconsin;77148;934.984.8397x115;-8906;(832)968-1442x433
Jeanette David;New Scottland;19/02/1968;Perempuan;Sarjana;Art gallery manager;Producer, radio;jenniferhess@example.org;757 Travis Isle Apt. 027;Christineshire;Pennsylvania;42361;001-376-325-8284;(558)457-4056;866.854.0120x479;81001 Barker Extensions Suite 230;Lake Connor;Connecticut;34485;-5776;378.401.5152x41198;(464)869-0803x30468
Michael Martinez;East Krystalland;12/03/1986;Laki-laki;Diploma;Editor, magazine features;General practice doctor;lopezryan@example.net;880 Bentley Locks;Angelicamouth;Alabama;21284;(278)297-5014x88357;708.902.8899x78823;496-799-0006x106;0160 Mays Haven Apt. 411;West Veronica;Illinois;47440;6647764006;334-717-5772x236;452.300.0001x230
Sandra Russell;Youngport;04/05/1986;Perempuan;Magister;Interpreter;Buyer, retail;gregoryburnett@example.org;450 Dennis Ferry Apt. 382;South Herbertton;West Virginia;27841;001-723-940-4423;6078666947;001-514-202-8406x53625;536 Turner Shoal Apt. 361;East Ashley;Hawaii;60779;001-808-796-8213;674.210.1395x69196;001-387-398-0658
Donald King;Port Robertland;04/04/2003;Laki-laki;Doktor;Radio producer;Transport planner;lopezstacy@example.net;16507 Leon Harbors Suite 963;North Reneemouth;Virginia;22623;(911)349-6496;615.955.4507x6121;383.835.3269x4322;181 Heather Ridge Suite 838;Lake Teresafurt;North Dakota;98725;-11075;569-454-9263;+1-466-652-4284x3249
Bryan Mcfarland;Lake Wayne;29/05/1975;Laki-laki;Diploma;Land;Land/geomatics surveyor;wandajohnson@example.com;01847 Melvin Divide;North Garrett;Oklahoma;48017;819.731.4505x46079;(348)412-4906x84768;(415)827-7676x8426;190 Ryan Mills;Lake Rachelburgh;North Dakota;78374;+1-250-455-5735x3474;4.957.760.255;(377)470-5715
Michael Coleman;Pierceview;24/10/1970;Laki-laki;SMA;Engineer, water;Pharmacologist;eblake@example.org;203 Wagner Gateway;New Carla;Alaska;16205;962-560-2352;606.618.6769x1670;001-225-582-1693;83035 Morris Ferry Suite 211;West Charleston;New Jersey;11990;501-457-2386x7860;610-539-5798x702;+1-733-511-6933x3265
Jessica Brown;Ethanfurt;15/02/1991;Laki-laki;SMA;Development worker, community;Architectural technologist;kennedycurtis@example.net;76532 Brian Lock Suite 565;West Lauraborough;Illinois;23332;+1-455-662-9385x24758;(251)322-4636x56326;3724846727;0566 Hubbard Creek Suite 748;Fisherchester;Delaware;91200;(358)792-6054x602;001-917-516-2421x086;001-591-236-9275x801
Matthew Chang;North Matthew;23/04/1997;Perempuan;Sarjana;Hydrogeologist;Curator;jonesryan@example.com;16172 Pratt Divide;Clintonfurt;Louisiana;33279;391-704-5750;290-463-9376x01184;895.500.7520x558;975 Simmons Crossroad Apt. 302;Port Justin;Kansas;53618;(272)249-9457x3285;-9665;(452)485-1159x21101
Connie Campos;Alvarezville;23/04/1999;Laki-laki;SMA;Advertising copywriter;Ranger/warden;byrdanthony@example.com;5408 Carolyn Throughway;Hernandezbury;Wisconsin;15894;493-252-9658;446.820.3669x9301;001-209-964-3122;9959 Jacob Spring Suite 854;Amandaview;Oklahoma;35677;470-336-7281x370;001-416-270-8565x262;001-555-227-1888x1429
Nathaniel Weaver;Tiffanymouth;17/08/1981;Laki-laki;Diploma;Administrator, education;Housing manager/officer;mark66@example.net;071 Johnston Crossroad Suite 587;Allenborough;Alaska;16017;6.992.031.492;-2564;001-300-879-0763x36322;3538 Natasha Meadow;Jasonburgh;Colorado;14677;908-986-8111x81134;343-406-1367x993;+1-823-560-1131x508
Kimberly Patel;Lake George;27/06/1978;Laki-laki;Magister;Lawyer;Haematologist;hsharp@example.com;816 Reginald Meadows;Riverafort;Connecticut;96251;670-424-7827x9637;6.799.613.585;465.250.1398x7823;003 Hernandez Circles;Randyburgh;Colorado;75081;+1-644-502-5132x7321;(253)859-3659x7144;375.397.9558x46943
Jeffrey Johnson;West Kathleenfurt;25/05/1985;Laki-laki;Sarjana;Secretary/administrator;Fisheries officer;jasonnguyen@example.net;2175 Jaime Creek Suite 818;Simonland;Michigan;45364;+1-242-783-6972x27999;9.345.477.287;856-638-5527x268;876 Dawn Divide Apt. 738;Lake Gary;Massachusetts;4826;(220)475-9935x7918;821-508-9392x5660;7.719.623.339
Steven Collins;New Shelby;17/02/1992;Perempuan;SMA;Engineer, materials;Banker;cameronbrown@example.org;8651 Timothy Via Apt. 599;Adamstown;Wyoming;35880;540-474-7302x23099;397.398.5470x325;801-231-3955;21726 Andrew Square Apt. 480;South Jonathanberg;South Carolina;21720;(652)969-2251;815.632.6625x4607;+1-792-622-9873x173
Lisa Warren;West Lisamouth;21/01/1976;Perempuan;Diploma;Careers information officer;Interpreter;karenmiller@example.org;10003 Mcintyre Burg;South Sabrinashire;California;99212;(838)234-9732x46661;2.302.386.206;(260)541-5304x72457;428 Ricky Mountains Suite 460;Cantuburgh;West Virginia;16244;940.780.1158x503;001-270-653-5777x894;001-668-878-8284x529
Caroline Holmes;Roseside;12/04/1974;Perempuan;Diploma;Best boy;Agricultural engineer;mauricemartin@example.org;95095 Odonnell Cape Suite 606;Lake Michael;Michigan;50203;574-245-3070x5018;4.605.909.700;001-865-706-7851x8756;324 Thomas Circles Apt. 214;Cortezhaven;Idaho;19900;945.754.5089x20677;645-363-8939;001-526-898-4505x6904
Hannah Torres;South Williamborough;20/09/1970;Perempuan;Magister;Health and safety inspector;Exhibition designer;romerohaley@example.org;481 Stout Valleys Suite 679;North Alyssastad;Illinois;59536;8006944954;751.658.2637x0669;580.708.0811x344;0654 Simon Village;Ryanside;Utah;70613;+1-222-763-0749x32658;+1-871-358-5018x1195;+1-830-669-3221x774
Katie Green;Lake Michelletown;07/03/1965;Perempuan;Doktor;Company secretary;International aid/development worker;robert20@example.org;33296 Karen Meadow;Heidiside;Delaware;30723;535.737.1432x1507;(536)482-1455x92499;001-444-978-8780x71070;723 Mitchell Via;North Margaret;Connecticut;31232;(331)855-5196;608-671-2364;513-990-2047
Jeanette Williams;North Deborah;03/10/1968;Laki-laki;SMA;Telecommunications researcher;Sales executive;philiprodriguez@example.org;44917 Kennedy Islands;Port Michael;New Hampshire;77986;740-318-7315x235;001-482-853-6075x81840;(430)287-6806x31546;25189 Glenn Trail Suite 529;New Anna;Minnesota;83750;(736)895-3701x35849;8.833.974.679;465-405-6835
Dana Mccoy;Port Jacobborough;06/05/1979;Laki-laki;Diploma;Speech and language therapist;Engineer, drilling;vramirez@example.com;519 Gabrielle Fords;Trevinofurt;Wisconsin;89217;9989907334;5367419221;250-418-9973x845;624 Williams Circles Apt. 935;Milesborough;North Carolina;74979;741.604.6081x37381;(855)335-3477;+1-438-610-1497x3040
Monique Mccann;Pacehaven;09/04/1976;Perempuan;SMA;Mudlogger;Translator;crichardson@example.com;996 Cannon Centers Apt. 311;Danielside;Idaho;24697;-8190;001-430-413-3272x6452;+1-759-442-8600x845;02209 Vincent Route Suite 101;South Amberburgh;Georgia;91241;490.956.7599x90396;942-493-3844x252;-1899
Miguel Mcintyre;Johnsonhaven;04/03/2000;Laki-laki;Magister;Engineer, technical sales;Surveyor, commercial/residential;johnsonsamuel@example.net;341 Leslie Passage;Josephfort;Alaska;97085;529.448.9244x6005;824-803-2100x813;7092002008;9827 Paul Course;Lake Adrianberg;North Dakota;40969;897.660.2826x4849;612-959-5627;7156022027
Alex Holmes;Gomezburgh;20/05/1969;Perempuan;Sarjana;Psychologist, prison and probation services;Diplomatic Services operational officer;xcantrell@example.org;3639 Hancock Manors Apt. 710;Alexiston;Texas;96748;2636616439;001-230-388-2853;856.411.9962x880;82212 Welch Forge Apt. 864;North Alexander;Rhode Island;17115;(545)641-8035;831-960-3180;2957589230
Nathan Robinson;New Andrea;13/08/1977;Laki-laki;Diploma;Designer, jewellery;Seismic interpreter;sarah82@example.com;039 Robles Islands Suite 220;Kevinmouth;Florida;45811;574-434-5186;+1-252-995-4666x316;7.113.945.656;48950 Tina Centers Suite 850;Port Denise;South Dakota;30318;+1-218-897-9051x1658;202-776-6991;-2224
Michael Harris;South Lee;09/10/1966;Perempuan;SMA;Musician;Learning mentor;julie47@example.net;07216 James Route;Michaelchester;West Virginia;9284;(670)686-1986x107;(783)846-7136x915;271.428.3293x32279;983 Barnes Coves;Lake Jessica;Vermont;35299;7456110438;+1-751-940-1657x637;5263035428
Stephen Ellis;Millerport;12/07/1975;Perempuan;Magister;Radio producer;Customer service manager;normanweiss@example.net;6066 Williams Unions Suite 895;Gateschester;Pennsylvania;74179;848.375.7592x0353;001-737-215-0165x42663;(841)684-4195;78202 Alicia Manors Apt. 110;North Davidfurt;Illinois;81682;001-935-818-5631x99289;+1-876-522-3290x81825;+1-468-711-0939x12210
Ashley Hernandez;South Madison;27/02/1984;Perempuan;Diploma;Contracting civil engineer;Chiropodist;janet36@example.org;532 Bailey Parkways;Lake David;Wyoming;30759;585.694.8403x35158;277-985-4331;3.315.048.487;429 Paula Street Suite 354;Shawnbury;Ohio;37697;(577)524-2116;845-262-2652x28365;951.270.1692x47285
Melissa Gross;New Brittany;28/02/1979;Laki-laki;Sarjana;Colour technologist;Trading standards officer;michael60@example.org;557 Dawn Points;Blackburnburgh;Illinois;14267;001-964-619-6235x7581;+1-771-744-6747x18594;+1-548-211-2381x11456;98227 Jarvis Inlet Suite 766;Johnsonborough;Arkansas;66240;312-410-4272x782;-10833;+1-563-229-2932x8605
Parker Sanchez;Gutierrezbury;04/04/1995;Perempuan;Sarjana;International aid/development worker;Chief Executive Officer;zpratt@example.org;48287 Luis Walks;Terrychester;California;73415;001-750-300-6350;001-473-708-1752x9646;(994)575-3800x0700;3676 Smith Mountain;Michaeltown;Nebraska;77689;+1-378-774-2650x536;001-694-329-7939x2137;381-619-1722
Vanessa Sullivan;East Adrianland;01/06/1992;Perempuan;Sarjana;Hydrogeologist;Therapist, drama;nunezheather@example.com;0935 Jason Light Suite 800;Raymondside;California;29673;800.658.2029x4875;(931)251-5087x269;539.279.4154x9244;704 Porter Trail;West Debraport;California;99006;001-393-432-3901;(757)223-6410;+1-980-699-5821x32006
James Mason;South Aaron;10/11/1984;Laki-laki;SMA;Transport planner;Radio broadcast assistant;anthonyhall@example.com;12089 Tucker Port Suite 657;Davidton;South Dakota;42968;(608)584-5332x512;(704)345-1913;(478)767-9919x391;195 Mariah Lake Suite 981;East Seanfort;Vermont;78142;(275)417-9607x9484;(649)862-4873;249-432-6697x045
Jessica Johnston;Michaelville;12/10/1974;Laki-laki;Diploma;Engineer, technical sales;Sales promotion account executive;mcculloughaaron@example.net;60682 Elliott Stream;Thomaschester;Iowa;56969;6.215.048.144;241-273-6111;(264)980-1746;782 Jacob Curve;Lindastad;Utah;68190;001-205-858-7940x8161;3409314302;890-404-6042x173
Robert Molina;West Stephen;23/09/1973;Perempuan;SMA;Scientist, research (maths);Journalist, broadcasting;ucummings@example.net;621 Kevin Green Apt. 370;Michaelside;Connecticut;10342;001-375-563-6063x163;+1-474-395-1757x5809;001-441-854-8776x33093;919 Michael Branch;Petersfort;New York;6523;-7680;4382529691;+1-319-701-5555x57724
Tammy Medina;Moranview;22/06/2003;Laki-laki;Doktor;Social research officer, government;Data scientist;williamsmichael@example.org;1413 Marsh Flat;Williamsfort;North Carolina;25787;001-288-213-8972x07714;4069402393;533-314-5493x3224;3723 Katie Run;West Carrie;New Mexico;84968;001-705-428-5135;5.785.708.501;+1-604-431-3216x35626
Ashley Butler;Franklinbury;12/11/1985;Laki-laki;Sarjana;Corporate treasurer;Production manager;ydavila@example.org;611 Morris Pine Apt. 671;Port Brittanyport;Oklahoma;92461;+1-598-742-3008x50997;(323)403-9274x3221;(432)939-5447;5990 Lewis Cliff Suite 626;New Bradleyville;Maine;93553;(831)595-6083x354;(835)380-9862;001-312-507-6946x74441
Micheal Mendez;New Thomasstad;16/12/1997;Laki-laki;Magister;Museum/gallery curator;Engineer, structural;peggy70@example.com;040 Jordan Cove Suite 560;West Jessicamouth;Alabama;69152;+1-309-553-1048x62994;2732810225;+1-728-247-0919x857;854 Young Estate;North Christopher;Texas;94538;(998)825-8278;001-276-827-2194;943.785.2375x112
Cindy Green;East Tara;10/12/1967;Laki-laki;Sarjana;Research scientist (life sciences);Legal secretary;elizabeth97@example.org;0548 Jesse Ville;Rogersside;Nebraska;42498;(959)926-7314x8264;(457)758-8977x371;(483)466-2529;26101 Charles Shore Suite 031;Lake Eric;Alaska;71065;567-868-4404x3451;(835)891-6357x3434;(984)891-1217x36124
Katie Armstrong;Mcleantown;19/09/1985;Laki-laki;Diploma;Mechanical engineer;Claims inspector/assessor;meganjones@example.com;6258 Wells Club;Thorntonshire;Oregon;22998;(737)997-0997x6818;+1-827-846-0393x42925;6.083.295.742;099 Virginia Tunnel Suite 075;Port George;South Dakota;73674;9.063.266.293;(264)202-7027;712-831-7335x86815
Abigail Copeland;Jamesburgh;11/07/1994;Perempuan;Doktor;Ship broker;Product/process development scientist;gwarner@example.com;0067 Cody Circle;East Christina;New Mexico;1872;753-548-2106x351;596-499-8787;2.588.864.387;4921 Jacobs Estate;Rogersstad;Texas;98670;259-999-2704;590-959-0320;511-796-9825x8262
Michael Peck;Catherineborough;22/08/1995;Perempuan;SMA;Soil scientist;Geologist, wellsite;powersdean@example.com;1490 Palmer Ridge Apt. 861;New Rileymouth;Utah;11313;(497)735-2189;698.309.9083x007;001-414-322-4372x32673;48562 Martin Heights Suite 098;Caseyshire;Arkansas;15549;001-634-475-3008x8844;450-500-7603x274;(708)832-4634x4078
Glen Khan;Lake Eileen;08/05/1990;Perempuan;SMA;Sales professional, IT;Optician, dispensing;frazierrhonda@example.org;6535 King Landing;North Brenda;Wyoming;77003;001-874-298-4051;999-862-6951;636-511-3836x5255;481 Dalton Glens;Michaelville;South Dakota;88680;726.961.1359x2037;(590)255-5667;7145447232
Theresa Hobbs;South Brettbury;27/05/1978;Perempuan;Doktor;Engineer, biomedical;Community arts worker;angelicawalker@example.com;630 Martin Tunnel;New Kathryn;Montana;24038;(431)280-7317;467-326-4988x937;+1-421-945-7878x114;456 Maria Heights;West Donald;Florida;14253;001-227-584-3170x78287;(310)958-1097;360.812.6895x5943
Erin Jenkins;West Kimberly;06/09/1964;Laki-laki;Sarjana;Designer, furniture;Engineer, chemical;navarroandrea@example.net;7883 Lam Roads Apt. 396;Kyleville;Montana;54883;909.637.5775x32166;5162560818;397.875.2143x02366;40891 Rosales Trail Apt. 037;Christophermouth;Maryland;5465;-1431;001-838-646-4544x988;5.185.166.346
Alejandro Smith;New Austin;21/05/1970;Laki-laki;Diploma;Horticultural consultant;Rural practice surveyor;leetara@example.com;5728 Robert Ports Suite 191;North Michaelfurt;Alabama;39230;(593)243-3137x089;627-408-9971x6826;(554)230-2129x453;03700 James Cliffs Suite 182;Port Joyce;South Dakota;98750;723.391.1958x7805;838-978-5962x23744;414.488.4895x67393
Bryan Li;Ariasport;04/10/2004;Perempuan;SMA;Media buyer;Arts development officer;jessica09@example.net;64333 Gibbs Crossroad Suite 893;South Todd;Missouri;43625;242-482-6296;001-291-447-7983x165;633.540.4154x8834;381 Fernandez Squares;Craigborough;Massachusetts;58268;612-734-5518x80127;963.885.3331x6950;647-346-1327x3290
Blake Rivera;West Monica;21/02/1986;Laki-laki;Magister;Ambulance person;Careers adviser;xthomas@example.com;41105 Case Fall;Port Catherinechester;Hawaii;14388;7745314926;-2205;001-770-543-3249x90161;324 Osborne Freeway;East Marymouth;Wisconsin;23610;553.561.1058x13418;3723562967;7554236628
Cynthia Dean;East Brandon;22/05/1979;Perempuan;SMA;Careers information officer;Health visitor;wchristensen@example.com;26128 Gray Underpass Suite 406;Penatown;Kentucky;41671;214.662.6360x957;001-681-814-9902;3.149.269.896;9455 Moody Greens;Hobbsfurt;New Hampshire;83849;5.376.184.362;(501)676-4381x181;2652993321
Christine Bell;New James;24/08/1970;Laki-laki;Doktor;Engineer, manufacturing;Technical brewer;derekhansen@example.org;207 Espinoza Rue Apt. 653;Berryville;Nebraska;56446;2262755045;5.064.195.924;709-864-8512x29689;3744 Mccullough Square;West Amanda;Oklahoma;78985;238-263-8454x04790;-5375;2.945.064.482
Kelly Guzman;Jeremiahchester;24/02/1977;Perempuan;Magister;Financial manager;Production manager;richardtaylor@example.com;6186 Lopez Burgs;Port Kim;New Mexico;43828;001-363-443-3362x0311;4.284.551.861;-2366;709 Glenn Court Apt. 277;Rachelchester;Oklahoma;75337;+1-252-631-5230x28696;001-828-517-7058x0572;(284)626-1055x143
Michael Melton;Susanland;07/04/1977;Laki-laki;Magister;Applications developer;Geologist, wellsite;jonathan22@example.com;401 Valentine Route;North George;Alabama;28245;7.273.079.355;+1-925-629-0686x2517;(622)238-2762;61761 Conrad Drive Apt. 539;South Kimberlyview;West Virginia;86263;001-888-540-9733x5633;(376)823-1486;858.558.9839x13879
Greg Rodriguez;South Caseyview;07/04/2003;Laki-laki;Diploma;Trading standards officer;Designer, jewellery;mileshunter@example.com;5551 Love Shoal;Brownbury;Connecticut;48419;8048376605;7.682.543.008;+1-704-622-9531x81124;51158 Benton Streets;Ronaldland;Tennessee;36920;001-266-539-8507x0548;001-867-638-0224x01624;-10668
Kristy Rios;New Andreachester;19/11/1973;Perempuan;Magister;Optometrist;Multimedia specialist;kgarcia@example.net;15598 Jason Cove Apt. 614;Simmonsburgh;Oklahoma;83970;9874191504;3.263.989.916;349-280-7209;070 Greene Squares Suite 143;Proctortown;Pennsylvania;44826;8989946741;001-227-264-9360x533;483-213-8418
William Woods;South Wayne;05/04/1969;Perempuan;Sarjana;Loss adjuster, chartered;Academic librarian;kenneth25@example.net;513 Lisa Place;Lake Angela;Florida;4060;613.925.7474x70841;(618)578-8859x643;842-253-9312x716;68271 Angelica Spurs Suite 010;Melissaside;South Carolina;70703;+1-867-312-3572x734;863.860.4630x3347;478-561-0263
Samantha Foster;West Roy;26/12/2004;Perempuan;Diploma;Social worker;Programme researcher, broadcasting/film/video;theresajames@example.org;0392 Pamela Trace;Port Michaelland;Georgia;76833;676.976.1155x4077;722-790-6611x8635;-5642;421 Thomas Common Suite 334;South Jason;Minnesota;68651;(871)757-1398x672;+1-383-976-5290x24582;+1-947-519-4480x9792
Nicole Parrish;East Jane;24/12/1965;Perempuan;Diploma;Research officer, political party;Curator;hkelley@example.net;595 Ricardo Shoal;Mckinneymouth;New Jersey;19659;+1-412-913-8048x131;(618)634-0723x60071;4.894.208.258;263 Hopkins Orchard Suite 086;Acostaton;Indiana;14955;240-316-9850x98207;355.311.1382x16602;-2213
Samantha Sanchez;Clarkmouth;04/08/1971;Laki-laki;Doktor;Accountant, chartered management;Leisure centre manager;kirk07@example.com;904 Hernandez Summit Suite 896;North Kellybury;North Dakota;41253;+1-430-581-8049x9843;+1-950-320-6951x94968;(803)837-8544;69191 Matthew Hills Apt. 457;Johnsonstad;North Dakota;85214;668.755.8922x291;(221)679-8362;8.466.769.841
Alan Glenn;North Jessicabury;25/11/1977;Laki-laki;SMA;Fish farm manager;Horticultural consultant;molly77@example.net;7967 Matthew Circle;Port Trevormouth;Wyoming;10858;+1-954-864-1428x00972;001-705-649-6941;351-886-7972;128 Thornton Alley;New Jacqueline;Connecticut;10832;001-766-220-3608x880;(820)272-6049x032;532-712-8417x49896
Walter Williams;Melindatown;23/09/1998;Perempuan;Magister;Engineer, drilling;Facilities manager;gillelizabeth@example.org;855 Jimmy Run Suite 562;Elliottberg;New Mexico;23440;+1-838-259-5710x79762;+1-428-556-6307x91040;9.673.312.165;5010 Rice Estate;Michaelview;New Jersey;23976;+1-494-340-7470x46588;256-700-9037;9248244497
Erik Fuentes;Stephaniefort;05/07/1975;Perempuan;SMA;Designer, ceramics/pottery;Animator;david12@example.net;1342 Juan Circles;Josephmouth;Virginia;19065;+1-472-836-3985x78154;624-433-7024;(411)575-8102x679;73983 Keith Loaf;Port Joel;Massachusetts;80078;001-741-970-0444x358;(745)588-0371;001-235-206-4926x14195
Susan Harrison;Port Crystalhaven;14/03/1978;Perempuan;Diploma;Conservation officer, historic buildings;Educational psychologist;sthompson@example.net;9900 Laura Isle;Paulmouth;Texas;16861;001-979-240-6747x4879;832-817-7737x7657;001-793-297-9924;5757 Mcgee Plaza Suite 993;New Lori;Utah;12828;560-222-6848x9620;+1-536-334-5306x77290;(424)873-0299x03803
Rick Cooper;Prestontown;25/12/2004;Perempuan;SMA;Scientist, research (medical);Police officer;david55@example.com;653 Pierce Mews Apt. 938;Lopezstad;Mississippi;65802;001-440-326-4663x72064;(358)272-3014x70173;(648)842-5551x108;0079 Smith Plaza Apt. 036;North Jason;New York;10457;+1-206-222-6242x42951;001-451-411-8235;001-253-944-7747x84299
Sean Anderson;Zamoraton;02/03/1988;Laki-laki;Magister;Furniture conservator/restorer;Civil Service fast streamer;lauraroberts@example.org;6562 Walker Causeway Apt. 447;South Susan;Texas;55381;001-541-919-6626;(614)883-3125;2489816811;28132 Wendy Brook Suite 558;Lake Kevin;Arizona;18836;001-818-838-3183x6752;785-711-2114x146;+1-365-637-3746x723
Jon Barr;Port Michaelside;14/09/1967;Laki-laki;Sarjana;Designer, textile;Market researcher;justinlawrence@example.com;4245 Martinez Unions Suite 274;Seanshire;Minnesota;77683;001-691-945-1486x34284;8.205.718.312;001-398-822-7873;1799 Kristin Mountain Suite 896;Port Sarahburgh;Alaska;88532;2807166229;001-628-380-3290x753;629-254-0595
Summer Casey;Adamsville;29/05/1965;Laki-laki;Sarjana;Horticulturist, amenity;Land/geomatics surveyor;taylorjulie@example.net;461 King Square;West Kelsey;Florida;26005;001-211-408-7457x22061;+1-612-776-1661x05470;(794)886-3453x1017;46334 Briana Field Suite 776;Millermouth;South Carolina;1182;(411)493-4258;955.464.3916x91624;001-774-577-5810
Tammy Nguyen;New Maryton;22/09/1998;Perempuan;SMA;Printmaker;Engineer, land;jessicawilson@example.org;9654 Anthony Manor Suite 725;North Ashley;Louisiana;35433;(766)794-9166;245-505-8115x16861;718-818-3161;52375 Sara Estates;New Erikashire;Massachusetts;95458;731-332-9906x1620;9474136894;001-881-702-1733x628
Kevin Taylor;North Brenda;27/10/1990;Perempuan;Diploma;Psychotherapist;Chief Strategy Officer;evanweaver@example.com;413 Anderson Ridges Suite 858;Port Karenfurt;Alaska;64397;293.248.6779x96865;+1-352-495-1711x67655;001-880-726-0103;967 Tonya Dam Suite 460;Heidihaven;Hawaii;13106;001-762-720-8690x8549;(626)813-4822;+1-305-738-2522x727
Jordan Osborne;East Kimberlystad;01/07/1991;Laki-laki;SMA;Applications developer;Fish farm manager;ocastillo@example.com;0529 Todd Harbors;Brianfurt;South Dakota;75879;807-694-3699;253.873.6421x7650;(485)847-9871x040;422 Samuel Harbors;New Natasha;California;98563;221.462.2623x80720;6.559.231.430;948-971-7474
Brian Barnes;South Rebecca;30/12/1972;Laki-laki;Sarjana;Clinical biochemist;Transport planner;everettsherri@example.com;8233 Carter Square;Carlosberg;North Carolina;16120;+1-724-567-0747x4285;001-614-534-4019x122;-9138;566 Mcmahon Tunnel Suite 253;Michaelport;Texas;64824;2452240287;258-397-4191;(864)697-0958x98144
Christopher Chapman;East Frank;04/08/1967;Perempuan;Magister;Television floor manager;Chief of Staff;patricianichols@example.org;8973 Gray Highway;Dalestad;South Carolina;76150;-4836;492-973-9598;(645)950-6461x614;70875 Valenzuela Plaza Suite 401;Port Richard;Mississippi;94401;001-924-921-1391x7020;+1-698-274-6340x5772;-4503
Brandy Williams;East Cameronland;23/04/2000;Perempuan;Sarjana;Scientific laboratory technician;Editor, film/video;shaunrobinson@example.com;06114 Peterson Trace Suite 775;South Gregory;Colorado;30639;(992)863-1792;001-726-603-4554x6202;(821)792-0237;296 Wilson Path Apt. 329;Coltonport;Missouri;55828;5.034.324.556;(601)742-7139x438;+1-976-461-7387x552
Eileen Clark;Millerchester;14/07/1996;Laki-laki;Magister;Editor, magazine features;Pharmacologist;brooksrobin@example.net;5499 Lewis Orchard;Leslieport;North Dakota;1711;(670)819-7968;6817089927;3.802.650.219;3084 Eric Freeway Apt. 829;Jenniferland;Washington;72901;-1975;354-404-9861;969-660-8738x71540
Patricia Rogers;Jamesburgh;22/02/2000;Laki-laki;SMA;Historic buildings inspector/conservation officer;Health and safety adviser;tamara35@example.com;25572 Glenn Gardens Suite 107;Gilmoreville;Massachusetts;96610;+1-321-817-7742x2363;+1-584-858-4466x2107;001-699-667-3091x923;97997 Dana Tunnel;Ellismouth;Connecticut;10649;+1-885-706-2882x1109;679.343.2913x67202;9932915881
Julia Whitaker;New Cassandra;09/09/1986;Laki-laki;SMA;Ambulance person;Hospital doctor;kevin45@example.org;51755 Lynn Junction;Brendaville;Georgia;50410;965-384-6125x3781;001-631-332-1675x82490;+1-340-350-7761x354;28210 Ellis Walk;South Emily;Montana;5199;+1-844-760-9239x537;(380)441-1932x654;886-439-8996x990
Todd Pearson;Robertside;14/04/1969;Perempuan;Diploma;Scientist, forensic;Tourist information centre manager;jgarcia@example.com;2780 Li Course Suite 393;Ginaland;Illinois;96839;(441)612-4044x4063;(418)670-4140x64720;912.642.7425x036;306 Mcdaniel Land Suite 376;Roberttown;Kansas;69929;3.199.587.901;9025172440;001-901-339-8829
Tiffany Garcia;East Tommy;29/09/1989;Laki-laki;SMA;Tax adviser;Trade mark attorney;thomasweber@example.org;1895 Nichols Land Suite 076;Kevinborough;Wyoming;50213;+1-282-210-6679x4395;948.454.9645x26737;+1-219-362-2038x85879;01100 Bradley Knolls Apt. 130;South Billyshire;Massachusetts;78136;7202314114;+1-367-345-8375x8153;001-314-213-6894x9592
Devin Gilbert;Reginaburgh;06/05/1989;Laki-laki;Magister;Engineer, materials;Chief of Staff;jessica73@example.org;1217 Wilson Station Suite 402;New Kayla;Hawaii;58359;987-933-4941x79733;001-471-465-7030;874-945-7559x47032;2118 William Path Suite 406;Jasonmouth;Florida;10008;263.329.5885x5815;478.436.2450x5580;-6795
